image_id,filename,label,annotator,date,source
1,img0001.jpg,pothole,Kushal,04-03-2026,The Tribune
2,img0002.jpg,pothole,Kushal,04-03-2026,The Tribune
3,img0003.jpg,pothole,Kushal,04-03-2026,The Tribune
4,img0004.jpg,pothole,Kushal,04-03-2026,The Tribune
5,img0005.jpg,pothole,Kushal,04-03-2026,The Tribune
6,img0006.jpg,pothole,Kushal,04-03-2026,The Tribune
7,img0007.jpg,pothole,Kushal,04-03-2026,The Tribune
8,img0008.jpg,pothole,Kushal,04-03-2026,The Tribune
9,img0009.jpg,pothole,Kushal,04-03-2026,The Tribune 
10,img0010.jpg,pothole,Kushal,04-03-2026,The Economic Times
11,img0011.jpg,pothole,Kushal,04-03-2026,The Economic Times
12,img0012.jpg,pothole,Kushal,04-03-2026,The Economic Times
13,img0013.jpg,pothole,Kushal,04-03-2026,The Economic Times
14,img0014.jpg,pothole,Kushal,04-03-2026,The Economic Times
15,img0015.jpg,pothole,Kushal,04-03-2026,The Economic Times
16,img0016.jpg,pothole,Kushal,04-03-2026,The Economic Times
17,img0017.jpg,pothole,Kushal,04-03-2026,The Economic Times
18,img0018.jpg,pothole,Kushal,04-03-2026,The Economic Times
19,img0019.jpg,pothole,Kushal,04-03-2026,The Economic Times
20,img0020.jpg,pothole,Kushal,04-03-2026,The Economic Times
21,img0021.jpg,pothole,Kushal,04-03-2026,The Economic Times
22,img0022.jpg,pothole,Kushal,04-03-2026,The Economic Times
23,img0023.jpg,pothole,Kushal,04-03-2026,The Economic Times
24,img0024.jpg,pothole,Kushal,04-03-2026,The Economic Times
25,img0025.jpg,pothole,Kushal,04-03-2026,Deccan Herald
26,img0026.jpg,pothole,Kushal,04-03-2026,Deccan Herald
27,img0027.jpg,pothole,Kushal,04-03-2026,Deccan Herald
28,img0028.jpg,pothole,Kushal,04-03-2026,Deccan Herald
29,img0029.jpg,pothole,Kushal,04-03-2026,Deccan Herald
30,img0030.jpg,pothole,Kushal,04-03-2026,Deccan Herald
31,img0031.jpg,pothole,Kushal,04-03-2026,Deccan Herald
32,img0032.jpg,pothole,Kushal,04-03-2026,Deccan Herald
33,img0033.jpg,pothole,Kushal,04-03-2026,Deccan Herald
34,img0034.jpg,pothole,Kushal,04-03-2026,Deccan Herald
35,img0035.jpg,pothole,Kushal,04-03-2026,Deccan Herald
36,img0036.jpg,pothole,Kushal,04-03-2026,Deccan Herald
37,img0037.jpg,pothole,Kushal,04-03-2026,Deccan Herald
38,img0038.jpg,pothole,Kushal,04-03-2026,Deccan Herald
39,img0039.jpg,pothole,Kushal,04-03-2026,Deccan Herald
40,img0040.jpg,pothole,Kushal,04-03-2026,The Guardian
41,img0041.jpg,pothole,Kushal,04-03-2026,The Guardian
42,img0042.jpg,pothole,Kushal,04-03-2026,The Guardian
43,img0043.jpg,pothole,Kushal,04-03-2026,The Guardian
44,img0044.jpg,pothole,Kushal,04-03-2026,The Guardian
45,img0045.jpg,pothole,Kushal,04-03-2026,The Guardian
46,img0046.jpg,pothole,Kushal,04-03-2026,The Guardian
47,img0047.jpg,pothole,Kushal,04-03-2026,The Guardian
48,img0048.jpg,pothole,Kushal,04-03-2026,The Guardian
49,img0049.jpg,pothole,Kushal,04-03-2026,The Guardian
50,img0050.jpg,pothole,Kushal,06-03-2026,The Guardian
51,img0051.jpg,pothole,Kushal,06-03-2026,The Guardian
52,img0052.jpg,pothole,Kushal,06-03-2026,The Guardian
53,img0053.jpg,pothole,Kushal,06-03-2026,The Guardian
54,img0054.jpg,pothole,Kushal,06-03-2026,The Guardian
55,img0055.jpg,pothole,Kushal,06-03-2026,The Guardian
56,img0056.jpg,pothole,Kushal,06-03-2026,The Guardian
57,img0057.jpg,pothole,Kushal,06-03-2026,The Guardian
58,img0058.jpg,pothole,Kushal,06-03-2026,Indian Currents
59,img0059.jpg,pothole,Kushal,06-03-2026,Indian Currents
60,img0060.jpg,pothole,Kushal,06-03-2026,Indian Currents
61,img0061.jpg,pothole,Kushal,06-03-2026,Indian Currents
62,img0062.jpg,pothole,Kushal,06-03-2026,Indian Currents
63,img0063.jpg,pothole,Kushal,06-03-2026,Indian Currents
64,img0064.jpg,pothole,Kushal,06-03-2026,Indian Currents
65,img0065.jpg,pothole,Kushal,06-03-2026,Indian Currents
66,img0066.jpg,pothole,Kushal,06-03-2026,Indian Currents
67,img0067.jpg,pothole,Kushal,06-03-2026,Indian Currents
68,img0068.jpg,pothole,Kushal,06-03-2026,Indian Currents
69,img0069.jpg,pothole,Kushal,06-03-2026,Indian Currents
70,img0070.jpg,pothole,Kushal,06-03-2026,Indian Currents
71,img0071.jpg,pothole,Kushal,06-03-2026,Indian Currents
72,img0072.jpg,pothole,Kushal,06-03-2026,Indian Currents
73,img0073.jpg,pothole,Kushal,06-03-2026,Indian Currents
74,img0074.jpg,pothole,Kushal,06-03-2026,Indian Currents
75,img0075.jpg,pothole,Kushal,06-03-2026,Indian Currents
76,img0076.jpg,pothole,Kushal,06-03-2026,Indian Currents
77,img0077.jpg,pothole,Kushal,06-03-2026,Indian Currents
78,img0078.jpg,pothole,Kushal,06-03-2026,Indian Currents
79,img0079.jpg,pothole,Kushal,06-03-2026,Indian Currents
80,img0080.jpg,pothole,Kushal,06-03-2026,Indian Currents
81,img0081.jpg,pothole,Kushal,06-03-2026,Indian Currents
82,img0082.jpg,pothole,Kushal,06-03-2026,Indian Currents
83,img0083.jpg,pothole,Kushal,06-03-2026,Indian Currents
84,img0084.jpg,pothole,Kushal,06-03-2026,Indian Currents
85,img0085.jpg,pothole,Kushal,06-03-2026,Indian Currents
86,img0086.jpg,pothole,Kushal,06-03-2026,Indian Currents
87,img0087.jpg,pothole,Kushal,06-03-2026,Indian Currents
88,img0088.jpg,pothole,Kushal,06-03-2026,Indian Currents
89,img0089.jpg,pothole,Kushal,06-03-2026,Indian Currents
90,img0090.jpg,pothole,Kushal,06-03-2026,Indian Currents
91,img0091.jpg,pothole,Kushal,06-03-2026,Indian Currents 
92,img0092.jpg,pothole,Kushal,06-03-2026,NDTV
93,img0093.jpg,pothole,Kushal,06-03-2026,NDTV
94,img0094.jpg,pothole,Kushal,06-03-2026,NDTV
95,img0095.jpg,pothole,Kushal,06-03-2026,NDTV
96,img0096.jpg,pothole,Kushal,06-03-2026,NDTV
97,img0097.jpg,pothole,Kushal,06-03-2026,NDTV
98,img0098.jpg,pothole,Kushal,06-03-2026,NDTV
99,img0099.jpg,pothole,Kushal,06-03-2026,NDTV
100,img0100.jpg,pothole,Kushal,06-03-2026,NDTV
101,img0101.jpg,pothole,Kushal,06-03-2026,NDTV
102,img0102.jpg,pothole,Kushal,06-03-2026,NDTV
103,img0103.jpg,pothole,Kushal,06-03-2026,NDTV
104,img0104.jpg,pothole,Kushal,06-03-2026,NDTV
105,img0105.jpg,pothole,Kushal,06-03-2026,NDTV
106,img0106.jpg,pothole,Kushal,06-03-2026,NDTV
107,img0107.jpg,pothole,Kushal,06-03-2026,NDTV
108,img0108.jpg,pothole,Kushal,08-04-2026,NDTV
109,img0109.jpg,pothole,Kushal,08-04-2026,NDTV
110,img0110.jpg,pothole,Kushal,08-04-2026,NDTV
111,img0111.jpg,pothole,Kushal,08-04-2026,NDTV
112,img0112.jpg,pothole,Kushal,08-04-2026,NDTV
113,img0113.jpg,pothole,Kushal,08-04-2026,NDTV
114,img0114.jpg,pothole,Kushal,08-04-2026,NDTV
115,img0115.jpg,pothole,Kushal,08-04-2026,NDTV
116,img0116.jpg,pothole,Kushal,08-04-2026,NDTV
117,img0117.jpg,pothole,Kushal,08-04-2026,NDTV
118,img0118.jpg,pothole,Kushal,08-04-2026,NDTV
119,img0119.jpg,pothole,Kushal,08-04-2026,NDTV
120,img0120.jpg,pothole,Kushal,08-04-2026,NDTV
121,img0121.jpg,pothole,Kushal,08-04-2026,NDTV
122,img0122.jpg,pothole,Kushal,08-04-2026,NDTV
123,img0123.jpg,pothole,Kushal,08-04-2026,NDTV
124,img0124.jpg,pothole,Kushal,08-04-2026,NDTV
125,img0125.jpg,pothole,Kushal,08-04-2026,NDTV
126,img0126.jpg,pothole,Kushal,08-04-2026,NDTV
127,img0127.jpg,pothole,Kushal,08-04-2026,NDTV
128,img0128.jpg,pothole,Kushal,08-04-2026,NDTV
129,img0129.jpg,pothole,Kushal,08-04-2026,NDTV
130,img0130.jpg,pothole,Kushal,08-04-2026,NDTV
131,img0131.jpg,pothole,Kushal,08-04-2026,NDTV
132,img0132.jpg,pothole,Kushal,08-04-2026,NDTV
133,img0133.jpg,pothole,Kushal,08-04-2026,NDTV
134,img0134.jpg,pothole,Kushal,08-04-2026,NDTV
135,img0135.jpg,pothole,Kushal,08-04-2026,YouTube 
136,img0136.jpg,pothole,Kushal,08-04-2026,YouTube 
137,img0137.jpg,pothole,Kushal,08-04-2026,YouTube 
138,img0138.jpg,pothole,Kushal,08-04-2026,YouTube 
139,img0139.jpg,pothole,Kushal,08-04-2026,YouTube 
140,img0140.jpg,pothole,Kushal,08-04-2026,YouTube 
141,img0141.jpg,pothole,Kushal,08-04-2026,YouTube 
142,img0142.jpg,pothole,Kushal,08-04-2026,YouTube 
143,img0143.jpg,pothole,Kushal,08-04-2026,YouTube 
144,img0144.jpg,pothole,Kushal,08-04-2026,YouTube 
145,img0145.jpg,pothole,Kushal,08-04-2026,YouTube 
146,img0146.jpg,pothole,Kushal,08-04-2026,YouTube 
147,img0147.jpg,pothole,Kushal,08-04-2026,YouTube 
148,img0148.jpg,pothole,Kushal,08-04-2026,YouTube 
149,img0149.jpg,pothole,Kushal,08-04-2026,YouTube 
150,img0150.jpg,pothole,Kushal,08-04-2026,YouTube 
151,img0151.jpg,pothole,Kushal,08-04-2026,YouTube 
152,img0152.jpg,pothole,Kushal,08-04-2026,YouTube 
153,img0153.jpg,pothole,Kushal,08-04-2026,YouTube 
154,img0154.jpg,pothole,Kushal,08-04-2026,YouTube 
155,img0155.jpg,pothole,Kushal,08-04-2026,YouTube 
156,img0156.jpg,pothole,Kushal,08-04-2026,YouTube 
157,img0157.jpg,pothole,Kushal,08-04-2026,YouTube 
158,img0158.jpg,pothole,Kushal,08-04-2026,YouTube 
159,img0159.jpg,pothole,Kushal,08-04-2026,YouTube 
160,img0160.jpg,pothole,Kushal,08-04-2026,YouTube 
161,img0161.jpg,pothole,Kushal,08-04-2026,YouTube 
162,img0162.jpg,pothole,Kushal,08-04-2026,YouTube 
163,img0163.jpg,pothole,Kushal,08-04-2026,YouTube 
164,img0164.jpg,pothole,Kushal,08-04-2026,YouTube 
165,img0165.jpg,pothole,Kushal,08-04-2026,YouTube 
166,img0166.jpg,pothole,Kushal,08-04-2026,YouTube 
167,img0167.jpg,pothole,Kushal,08-04-2026,YouTube 
168,img0168.jpg,pothole,Kushal,08-04-2026,YouTube 
169,img0169.jpg,pothole,Kushal,08-04-2026,YouTube 
170,img0170.jpg,pothole,Kushal,08-04-2026,YouTube 
171,img0171.jpg,pothole,Kushal,08-04-2026,YouTube 
172,img0172.jpg,pothole,Kushal,08-04-2026,YouTube 
173,img0173.jpg,pothole,Kushal,08-04-2026,YouTube 
174,img0174.jpg,pothole,Kushal,08-04-2026,YouTube 
175,img0175.jpg,pothole,Kushal,08-04-2026,YouTube 
176,img0176.jpg,pothole,Kushal,08-04-2026,YouTube 
177,img0177.jpg,pothole,Kushal,08-04-2026,YouTube 
178,img0178.jpg,pothole,Kushal,08-04-2026,YouTube 
179,img0179.jpg,pothole,Kushal,08-04-2026,YouTube 
180,img0180.jpg,pothole,Kushal,08-04-2026,YouTube 
181,img0181.jpg,pothole,Kushal,08-04-2026,News18
182,img0182.jpg,pothole,Kushal,08-04-2026,News18
183,img0183.jpg,pothole,Kushal,08-04-2026,News18
184,img0184.jpg,pothole,Kushal,08-04-2026,News18
185,img0185.jpg,pothole,Kushal,08-04-2026,News18
186,img0186.jpg,pothole,Kushal,08-04-2026,News18
187,img0187.jpg,pothole,Kushal,08-04-2026,News18
188,img0188.jpg,pothole,Kushal,08-04-2026,News18
189,img0189.jpg,pothole,Kushal,08-04-2026,News18
190,img0190.jpg,pothole,Kushal,08-04-2026,News18
191,img0191.jpg,pothole,Kushal,08-04-2026,News18
192,img0192.jpg,pothole,Kushal,08-04-2026,News18
193,img0193.jpg,pothole,Kushal,11-04-2026,News18
194,img0194.jpg,pothole,Kushal,11-04-2026,News18
195,img0195.jpg,pothole,Kushal,11-04-2026,News18
196,img0196.jpg,pothole,Kushal,11-04-2026,News18
197,img0197.jpg,pothole,Kushal,11-04-2026,News18
198,img0198.jpg,pothole,Kushal,11-04-2026,News18
199,img0199.jpg,pothole,Kushal,11-04-2026,News18
200,img0200.jpg,pothole,Kushal,11-04-2026,News18
201,img0201.jpg,crack,Kushal,11-04-2026,India Today
202,img0202.jpg,crack,Kushal,11-04-2026,India Today
203,img0203.jpg,crack,Kushal,11-04-2026,India Today
204,img0204.jpg,crack,Kushal,11-04-2026,India Today
205,img0205.jpg,crack,Kushal,11-04-2026,India Today
206,img0206.jpg,crack,Kushal,11-04-2026,India Today
207,img0207.jpg,crack,Kushal,11-04-2026,India Today
208,img0208.jpg,crack,Kushal,11-04-2026,India Today
209,img0209.jpg,crack,Kushal,11-04-2026,India Today
210,img0210.jpg,crack,Kushal,11-04-2026,India Today
211,img0211.jpg,crack,Kushal,11-04-2026,India Today
212,img0212.jpg,crack,Kushal,11-04-2026,India Today
213,img0213.jpg,crack,Kushal,11-04-2026,India Today
214,img0214.jpg,crack,Kushal,11-04-2026,India Today
215,img0215.jpg,crack,Kushal,11-04-2026,India Today
216,img0216.jpg,crack,Kushal,11-04-2026,India Today
217,img0217.jpg,crack,Kushal,11-04-2026,India Today
218,img0218.jpg,crack,Kushal,11-04-2026,India Today
219,img0219.jpg,crack,Kushal,11-04-2026,India Today
220,img0220.jpg,crack,Kushal,11-04-2026,India Today
221,img0221.jpg,crack,Kushal,11-04-2026,The Indian Express 
222,img0222.jpg,crack,Kushal,11-04-2026,The Indian Express 
223,img0223.jpg,crack,Kushal,11-04-2026,The Indian Express 
224,img0224.jpg,crack,Kushal,11-04-2026,The Indian Express 
225,img0225.jpg,crack,Kushal,11-04-2026,The Indian Express 
226,img0226.jpg,crack,Kushal,11-04-2026,The Indian Express 
227,img0227.jpg,crack,Kushal,11-04-2026,The Indian Express 
228,img0228.jpg,crack,Kushal,11-04-2026,The Indian Express 
229,img0229.jpg,crack,Kushal,11-04-2026,The Indian Express 
230,img0230.jpg,crack,Kushal,11-04-2026,The Indian Express 
231,img0231.jpg,crack,Kushal,11-04-2026,The Indian Express 
232,img0232.jpg,crack,Kushal,11-04-2026,The Indian Express 
233,img0233.jpg,crack,Kushal,11-04-2026,The Indian Express 
234,img0234.jpg,crack,Kushal,11-04-2026,The Indian Express 
235,img0235.jpg,crack,Kushal,11-04-2026,The Indian Express 
236,img0236.jpg,crack,Kushal,11-04-2026,The Indian Express 
237,img0237.jpg,crack,Kushal,11-04-2026,The Indian Express 
238,img0238.jpg,crack,Kushal,11-04-2026,The Indian Express 
239,img0239.jpg,crack,Kushal,11-04-2026,The Indian Express 
240,img0240.jpg,crack,Kushal,11-04-2026,The Indian Express 
241,img0241.jpg,crack,Kushal,12-04-2026,The Hindu
242,img0242.jpg,crack,Kushal,12-04-2026,The Hindu
243,img0243.jpg,crack,Kushal,12-04-2026,The Hindu
244,img0244.jpg,crack,Kushal,12-04-2026,The Hindu
245,img0245.jpg,crack,Kushal,12-04-2026,The Hindu
246,img0246.jpg,crack,Kushal,12-04-2026,The Hindu
247,img0247.jpg,crack,Kushal,12-04-2026,The Hindu
248,img0248.jpg,crack,Kushal,12-04-2026,The Hindu
249,img0249.jpg,crack,Kushal,12-04-2026,The Hindu
250,img0250.jpg,crack,Kushal,12-04-2026,The Hindu
251,img0251.jpg,crack,Kushal,12-04-2026,The Hindu
252,img0252.jpg,crack,Kushal,12-04-2026,The Hindu
253,img0253.jpg,crack,Kushal,12-04-2026,The Hindu
254,img0254.jpg,crack,Kushal,12-04-2026,The Hindu
255,img0255.jpg,crack,Kushal,12-04-2026,The Hindu
256,img0256.jpg,crack,Kushal,12-04-2026,The Hindu
257,img0257.jpg,crack,Kushal,12-04-2026,The Hindu
258,img0258.jpg,crack,Kushal,12-04-2026,The Hindu
259,img0259.jpg,crack,Kushal,12-04-2026,The Hindu
260,img0260.jpg,crack,Kushal,12-04-2026,The Hindu
261,img0261.jpg,crack,Kushal,12-04-2026,Gujrat Samachar
262,img0262.jpg,crack,Kushal,12-04-2026,Gujrat Samachar
263,img0263.jpg,crack,Kushal,12-04-2026,Gujrat Samachar
264,img0264.jpg,crack,Kushal,12-04-2026,Gujrat Samachar
265,img0265.jpg,crack,Kushal,12-04-2026,Gujrat Samachar
266,img0266.jpg,crack,Kushal,12-04-2026,Gujrat Samachar
267,img0267.jpg,crack,Kushal,12-04-2026,Gujrat Samachar
268,img0268.jpg,crack,Kushal,12-04-2026,CNBC TV18
269,img0269.jpg,crack,Kushal,12-04-2026,CNBC TV18
270,img0270.jpg,crack,Kushal,12-04-2026,CNBC TV18
271,img0271.jpg,crack,Kushal,12-04-2026,CNBC TV18
272,img0272.jpg,crack,Kushal,12-04-2026,CNBC TV18
273,img0273.jpg,crack,Kushal,12-04-2026,CNBC TV18
274,img0274.jpg,crack,Kushal,12-04-2026,CNBC TV18
275,img0275.jpg,crack,Kushal,12-04-2026,CNBC TV18
276,img0276.jpg,crack,Kushal,12-04-2026,YouTube 
277,img0277.jpg,crack,Kushal,12-04-2026,YouTube 
278,img0278.jpg,crack,Kushal,12-04-2026,YouTube 
279,img0279.jpg,crack,Kushal,12-04-2026,YouTube 
280,img0280.jpg,crack,Kushal,12-04-2026,YouTube 
281,img0281.jpg,crack,Kushal,12-04-2026,YouTube 
282,img0282.jpg,crack,Kushal,12-04-2026,YouTube 
283,img0283.jpg,crack,Kushal,12-04-2026,YouTube 
284,img0284.jpg,crack,Kushal,12-04-2026,YouTube 
285,img0285.jpg,crack,Kushal,12-04-2026,YouTube 
286,img0286.jpg,crack,Kushal,12-04-2026,YouTube 
287,img0287.jpg,crack,Kushal,12-04-2026,YouTube 
288,img0288.jpg,crack,Kushal,12-04-2026,YouTube 
289,img0289.jpg,crack,Kushal,12-04-2026,YouTube 
290,img0290.jpg,crack,Kushal,12-04-2026,YouTube 
291,img0291.jpg,crack,Kushal,12-04-2026,YouTube 
292,img0292.jpg,crack,Kushal,12-04-2026,YouTube 
293,img0293.jpg,crack,Kushal,12-04-2026,YouTube 
294,img0294.jpg,crack,Kushal,12-04-2026,YouTube 
295,img0295.jpg,crack,Kushal,12-04-2026,YouTube 
296,img0296.jpg,crack,Kushal,12-04-2026,YouTube 
297,img0297.jpg,crack,Kushal,12-04-2026,YouTube 
298,img0298.jpg,crack,Kushal,12-04-2026,YouTube 
299,img0299.jpg,crack,Kushal,12-04-2026,YouTube 
300,img0300.jpg,crack,Kushal,12-04-2026,YouTube 
301,img0301.jpg,open manhole,Abdul,04-03-2026,Wikipedia
302,img0302.jpg,open manhole,Abdul,04-03-2026,iStock
303,img0303.jpg,open manhole,Abdul,04-03-2026,iStock
304,img0304.jpg,open manhole,Abdul,04-03-2026,Tribune
305,img0305.jpg,open manhole,Abdul,04-03-2026,TOI
306,img0306.jpg,open manhole,Abdul,04-03-2026,The Indian Express
307,img0307.jpg,open manhole,Abdul,04-03-2026,Getty
308,img0308.jpg,open manhole,Abdul,04-03-2026,Tribune
309,img0309.jpg,open manhole,Abdul,04-03-2026,DNA
310,img0310.jpg,open manhole,Abdul,04-03-2026,TOI
311,img0311.jpg,open manhole,Abdul,04-03-2026,DNA
312,img0312.jpg,open manhole,Abdul,04-03-2026,Getty
313,img0313.jpg,open manhole,Abdul,04-03-2026,Tribune
314,img0314.jpg,open manhole,Abdul,04-03-2026,Hindustan Times
315,img0315.jpg,open manhole,Abdul,04-03-2026,Getty
316,img0316.jpg,open manhole,Abdul,04-03-2026,Telegraph
317,img0317.jpg,open manhole,Abdul,04-03-2026,Alamy
318,img0318.jpg,open manhole,Abdul,04-03-2026,Alamy
319,img0319.jpg,open manhole,Abdul,04-03-2026,Tribune
320,img0320.jpg,open manhole,Abdul,04-03-2026,Tribune
321,img0321.jpg,open manhole,Abdul,04-03-2026,TOI
322,img0322.jpg,open manhole,Abdul,04-03-2026,Bloomberg
323,img0323.jpg,open manhole,Abdul,04-03-2026,Getty
324,img0324.jpg,open manhole,Abdul,04-03-2026,Bhaskar
325,img0325.jpg,open manhole,Abdul,04-03-2026,Alamy
326,img0326.jpg,open manhole,Abdul,04-03-2026,The Hindu
327,img0327.jpg,open manhole,Abdul,04-03-2026,Tribune
328,img0328.jpg,open manhole,Abdul,04-03-2026,TOI
329,img0329.jpg,open manhole,Abdul,04-03-2026,X
330,img0330.jpg,open manhole,Abdul,04-03-2026,Prokerela
331,img0331.jpg,open manhole,Abdul,04-03-2026,Star of Mysore
332,img0332.jpg,open manhole,Abdul,04-03-2026,Lawbeat
333,img0333.jpg,open manhole,Abdul,04-03-2026,Reflections
334,img0334.jpg,open manhole,Abdul,04-03-2026,Shutterstock
335,img0335.jpg,open manhole,Abdul,04-03-2026,Envpk
336,img0336.jpg,open manhole,Abdul,04-03-2026,PressReader
337,img0337.jpg,open manhole,Abdul,04-03-2026,Dreamstime
338,img0338.jpg,open manhole,Abdul,04-03-2026,TOI
339,img0339.jpg,open manhole,Abdul,04-03-2026,Wikipedia
340,img0340.jpg,open manhole,Abdul,04-03-2026,Siasat
341,img0341.jpg,open manhole,Abdul,04-03-2026,Dreamstime
342,img0342.jpg,open manhole,Abdul,04-03-2026,The Hindu
343,img0343.jpg,open manhole,Abdul,04-03-2026,Roboflow
344,img0344.jpg,open manhole,Abdul,04-03-2026,Getty
345,img0345.jpg,open manhole,Abdul,04-03-2026,The Hindu
346,img0346.jpg,open manhole,Abdul,04-03-2026,TOI
347,img0347.jpg,open manhole,Abdul,04-03-2026,TOI
348,img0348.jpg,open manhole,Abdul,04-03-2026,The Hindu
349,img0349.jpg,open manhole,Abdul,04-03-2026,BK News
350,img0350.jpg,open manhole,Abdul,06-03-2026,Gujarat Samachar
351,img0351.jpg,open manhole,Abdul,06-03-2026,Amar Ujala
352,img0352.jpg,open manhole,Abdul,06-03-2026,X
353,img0353.jpg,open manhole,Abdul,06-03-2026,ShutterStock
354,img0354.jpg,open manhole,Abdul,06-03-2026,NDTV
355,img0355.jpg,open manhole,Abdul,06-03-2026,BBC
356,img0356.jpg,open manhole,Abdul,06-03-2026,TOI
357,img0357.jpg,open manhole,Abdul,06-03-2026,Amar Ujala
358,img0358.jpg,open manhole,Abdul,06-03-2026,Bhaskar
359,img0359.jpg,open manhole,Abdul,06-03-2026,Bhaskar
360,img0360.jpg,open manhole,Abdul,06-03-2026,The Hindu
361,img0361.jpg,open manhole,Abdul,06-03-2026,Bhaskar
362,img0362.jpg,open manhole,Abdul,06-03-2026,Facebook
363,img0363.jpg,open manhole,Abdul,06-03-2026,Bhaskar
364,img0364.jpg,open manhole,Abdul,06-03-2026,Shutterstock
365,img0365.jpg,open manhole,Abdul,06-03-2026,DNA
366,img0366.jpg,open manhole,Abdul,06-03-2026,Getty
367,img0367.jpg,open manhole,Abdul,06-03-2026,Tribune
368,img0368.jpg,open manhole,Abdul,06-03-2026,Hindustan Times
369,img0369.jpg,open manhole,Abdul,06-03-2026,Getty
370,img0370.jpg,open manhole,Abdul,06-03-2026,Telegraph
371,img0371.jpg,open manhole,Abdul,06-03-2026,Alamy
372,img0372.jpg,open manhole,Abdul,06-03-2026,Alamy
373,img0373.jpg,open manhole,Abdul,06-03-2026,Tribune
374,img0374.jpg,open manhole,Abdul,06-03-2026,Tribune
375,img0375.jpg,open manhole,Abdul,06-03-2026,TOI
376,img0376.jpg,open manhole,Abdul,06-03-2026,Bloomberg
377,img0377.jpg,open manhole,Abdul,06-03-2026,Getty
378,img0378.jpg,open manhole,Abdul,06-03-2026,Bhaskar
379,img0379.jpg,open manhole,Abdul,06-03-2026,Alamy
380,img0380.jpg,open manhole,Abdul,06-03-2026,The Hindu
381,img0381.jpg,open manhole,Abdul,06-03-2026,Tribune
382,img0382.jpg,open manhole,Abdul,06-03-2026,TOI
383,img0383.jpg,open manhole,Abdul,06-03-2026,X
384,img0384.jpg,open manhole,Abdul,06-03-2026,Prokerela
385,img0385.jpg,open manhole,Abdul,06-03-2026,Star of Mysore
386,img0386.jpg,open manhole,Abdul,06-03-2026,Lawbeat
387,img0387.jpg,open manhole,Abdul,06-03-2026,Reflections
388,img0388.jpg,open manhole,Abdul,06-03-2026,Shutterstock
389,img0389.jpg,open manhole,Abdul,06-03-2026,Envpk
390,img0390.jpg,open manhole,Abdul,06-03-2026,PressReader
391,img0391.jpg,open manhole,Abdul,06-03-2026,Dreamstime
392,img0392.jpg,open manhole,Abdul,06-03-2026,TOI
393,img0393.jpg,open manhole,Abdul,06-03-2026,Wikipedia
394,img0394.jpg,open manhole,Abdul,06-03-2026,Siasat
395,img0395.jpg,open manhole,Abdul,06-03-2026,Dreamstime
396,img0396.jpg,open manhole,Abdul,06-03-2026,DNA
397,img0397.jpg,open manhole,Abdul,06-03-2026,Getty
398,img0398.jpg,open manhole,Abdul,06-03-2026,Tribune
399,img0399.jpg,open manhole,Abdul,06-03-2026,Hindustan Times
400,img0400.jpg,open manhole,Abdul,06-03-2026,Getty
401,img0401.jpg,open manhole,Abdul,06-03-2026,Telegraph
402,img0402.jpg,open manhole,Abdul,06-03-2026,Alamy
403,img0403.jpg,open manhole,Abdul,06-03-2026,Alamy
404,img0404.jpg,open manhole,Abdul,06-03-2026,Tribune
405,img0405.jpg,open manhole,Abdul,06-03-2026,Tribune
406,img0406.jpg,open manhole,Abdul,06-03-2026,TOI
407,img0407.jpg,open manhole,Abdul,06-03-2026,Bloomberg
408,img0408.jpg,open manhole,Abdul,08-04-2026,Getty
409,img0409.jpg,open manhole,Abdul,08-04-2026,Bhaskar
410,img0410.jpg,open manhole,Abdul,08-04-2026,Alamy
411,img0411.jpg,open manhole,Abdul,08-04-2026,The Hindu
412,img0412.jpg,open manhole,Abdul,08-04-2026,Tribune
413,img0413.jpg,open manhole,Abdul,08-04-2026,TOI
414,img0414.jpg,open manhole,Abdul,08-04-2026,X
415,img0415.jpg,open manhole,Abdul,08-04-2026,Prokerela
416,img0416.jpg,open manhole,Abdul,08-04-2026,Star of Mysore
417,img0417.jpg,open manhole,Abdul,08-04-2026,Lawbeat
418,img0418.jpg,open manhole,Abdul,08-04-2026,Reflections
419,img0419.jpg,open manhole,Abdul,08-04-2026,Shutterstock
420,img0420.jpg,open manhole,Abdul,08-04-2026,Envpk
421,img0421.jpg,open manhole,Abdul,08-04-2026,PressReader
422,img0422.jpg,open manhole,Abdul,08-04-2026,Dreamstime
423,img0423.jpg,open manhole,Abdul,08-04-2026,TOI
424,img0424.jpg,open manhole,Abdul,08-04-2026,Wikipedia
425,img0425.jpg,open manhole,Abdul,08-04-2026,Siasat
426,img0426.jpg,open manhole,Abdul,08-04-2026,Dreamstime
427,img0427.jpg,open manhole,Abdul,08-04-2026,Telegraph
428,img0428.jpg,open manhole,Abdul,08-04-2026,Alamy
429,img0429.jpg,open manhole,Abdul,08-04-2026,Alamy
430,img0430.jpg,open manhole,Abdul,08-04-2026,Tribune
431,img0431.jpg,open manhole,Abdul,08-04-2026,Tribune
432,img0432.jpg,open manhole,Abdul,08-04-2026,TOI
433,img0433.jpg,open manhole,Abdul,08-04-2026,Bloomberg
434,img0434.jpg,open manhole,Abdul,08-04-2026,Getty
435,img0435.jpg,open manhole,Abdul,08-04-2026,Bhaskar
436,img0436.jpg,open manhole,Abdul,08-04-2026,Alamy
437,img0437.jpg,open manhole,Abdul,08-04-2026,The Hindu
438,img0438.jpg,open manhole,Abdul,08-04-2026,Tribune
439,img0439.jpg,open manhole,Abdul,08-04-2026,TOI
440,img0440.jpg,open manhole,Abdul,08-04-2026,X
441,img0441.jpg,open manhole,Abdul,08-04-2026,Prokerela
442,img0442.jpg,open manhole,Abdul,08-04-2026,Star of Mysore
443,img0443.jpg,open manhole,Abdul,08-04-2026,Lawbeat
444,img0444.jpg,open manhole,Abdul,08-04-2026,Reflections
445,img0445.jpg,open manhole,Abdul,08-04-2026,Shutterstock
446,img0446.jpg,open manhole,Abdul,08-04-2026,Envpk
447,img0447.jpg,open manhole,Abdul,08-04-2026,PressReader
448,img0448.jpg,open manhole,Abdul,08-04-2026,Dreamstime
449,img0449.jpg,open manhole,Abdul,08-04-2026,TOI
450,img0450.jpg,open manhole,Abdul,08-04-2026,PressReader
451,img0451.jpg,open manhole,Abdul,08-04-2026,Dreamstime
452,img0452.jpg,open manhole,Abdul,08-04-2026,TOI
453,img0453.jpg,open manhole,Abdul,08-04-2026,Wikipedia
454,img0454.jpg,open manhole,Abdul,08-04-2026,Siasat
455,img0455.jpg,open manhole,Abdul,08-04-2026,Dreamstime
456,img0456.jpg,open manhole,Abdul,08-04-2026,The Hindu
457,img0457.jpg,open manhole,Abdul,08-04-2026,Roboflow
458,img0458.jpg,open manhole,Abdul,08-04-2026,Getty
459,img0459.jpg,open manhole,Abdul,08-04-2026,The Hindu
460,img0460.jpg,open manhole,Abdul,08-04-2026,TOI
461,img0461.jpg,open manhole,Abdul,08-04-2026,TOI
462,img0462.jpg,open manhole,Abdul,08-04-2026,The Hindu
463,img0463.jpg,open manhole,Abdul,08-04-2026,BK News
464,img0464.jpg,open manhole,Abdul,08-04-2026,Gujarat Samachar
465,img0465.jpg,open manhole,Abdul,08-04-2026,Amar Ujala
466,img0466.jpg,open manhole,Abdul,08-04-2026,X
467,img0467.jpg,open manhole,Abdul,08-04-2026,ShutterStock
468,img0468.jpg,open manhole,Abdul,08-04-2026,NDTV
469,img0469.jpg,open manhole,Abdul,08-04-2026,BBC
470,img0470.jpg,open manhole,Abdul,08-04-2026,TOI
471,img0471.jpg,open manhole,Abdul,08-04-2026,Amar Ujala
472,img0472.jpg,open manhole,Abdul,08-04-2026,Bhaskar
473,img0473.jpg,open manhole,Abdul,08-04-2026,Bhaskar
474,img0474.jpg,open manhole,Abdul,08-04-2026,The Hindu
475,img0475.jpg,open manhole,Abdul,08-04-2026,Bhaskar
476,img0476.jpg,open manhole,Abdul,08-04-2026,Facebook
477,img0477.jpg,open manhole,Abdul,08-04-2026,Bhaskar
478,img0478.jpg,open manhole,Abdul,08-04-2026,Shutterstock
479,img0479.jpg,open manhole,Abdul,08-04-2026,DNA
480,img0480.jpg,open manhole,Abdul,08-04-2026,Getty
481,img0481.jpg,open manhole,Abdul,08-04-2026,Tribune
482,img0482.jpg,open manhole,Abdul,08-04-2026,Hindustan Times
483,img0483.jpg,open manhole,Abdul,08-04-2026,Getty
484,img0484.jpg,open manhole,Abdul,08-04-2026,Telegraph
485,img0485.jpg,open manhole,Abdul,08-04-2026,Alamy
486,img0486.jpg,open manhole,Abdul,08-04-2026,Alamy
487,img0487.jpg,open manhole,Abdul,08-04-2026,Tribune
488,img0488.jpg,open manhole,Abdul,08-04-2026,The Hindu
489,img0489.jpg,open manhole,Abdul,08-04-2026,Bhaskar
490,img0490.jpg,open manhole,Abdul,08-04-2026,Facebook
491,img0491.jpg,open manhole,Abdul,08-04-2026,Bhaskar
492,img0492.jpg,open manhole,Abdul,08-04-2026,Shutterstock
493,img0493.jpg,open manhole,Abdul,11-04-2026,DNA
494,img0494.jpg,open manhole,Abdul,11-04-2026,Getty
495,img0495.jpg,open manhole,Abdul,11-04-2026,Tribune
496,img0496.jpg,open manhole,Abdul,11-04-2026,The Hindu
497,img0497.jpg,open manhole,Abdul,11-04-2026,Bhaskar
498,img0498.jpg,open manhole,Abdul,11-04-2026,Facebook
499,img0499.jpg,open manhole,Abdul,11-04-2026,Bhaskar
500,img0500.jpg,open manhole,Abdul,11-04-2026,Shutterstock
501,img0501.jpg,crack,Abdul,11-04-2026,The Hindu
502,img0502.jpg,crack,Abdul,11-04-2026,India Today
503,img0503.jpg,crack,Abdul,11-04-2026,Media India Group
504,img0504.jpg,crack,Abdul,11-04-2026,TOI
505,img0505.jpg,crack,Abdul,11-04-2026,Hindustan Times
506,img0506.jpg,crack,Abdul,11-04-2026,Sputnik India
507,img0507.jpg,crack,Abdul,11-04-2026,The Hindu
508,img0508.jpg,crack,Abdul,11-04-2026,Youtube
509,img0509.jpg,crack,Abdul,11-04-2026,Deccan Herald
510,img0510.jpg,crack,Abdul,11-04-2026,Hindustan Times
511,img0511.jpg,crack,Abdul,11-04-2026,The Hindu
512,img0512.jpg,crack,Abdul,11-04-2026,NDTV
513,img0513.jpg,crack,Abdul,11-04-2026,iStock
514,img0514.jpg,crack,Abdul,11-04-2026,Economic Times
515,img0515.jpg,crack,Abdul,11-04-2026,India Today
516,img0516.jpg,crack,Abdul,11-04-2026,Dreamstime
517,img0517.jpg,crack,Abdul,11-04-2026,CNBC
518,img0518.jpg,crack,Abdul,11-04-2026,Getty
519,img0519.jpg,crack,Abdul,11-04-2026,India Express
520,img0520.jpg,crack,Abdul,11-04-2026,Roadsky
521,img0521.jpg,crack,Abdul,11-04-2026,India.com
522,img0522.jpg,crack,Abdul,11-04-2026,Economic Times
523,img0523.jpg,crack,Abdul,11-04-2026,Tripura Times
524,img0524.jpg,crack,Abdul,11-04-2026,Shutterstock
525,img0525.jpg,crack,Abdul,11-04-2026,Mid Day
526,img0526.jpg,crack,Abdul,11-04-2026,Bhaskar
527,img0527.jpg,crack,Abdul,11-04-2026,India.com
528,img0528.jpg,crack,Abdul,11-04-2026,Dawn
529,img0529.jpg,crack,Abdul,11-04-2026,The Gaurdian
530,img0530.jpg,crack,Abdul,11-04-2026,The Hindu
531,img0531.jpg,crack,Abdul,11-04-2026,India Today
532,img0532.jpg,crack,Abdul,11-04-2026,Media India Group
533,img0533.jpg,crack,Abdul,11-04-2026,TOI
534,img0534.jpg,crack,Abdul,11-04-2026,Hindustan Times
535,img0535.jpg,crack,Abdul,11-04-2026,Sputnik India
536,img0536.jpg,crack,Abdul,11-04-2026,The Hindu
537,img0537.jpg,crack,Abdul,11-04-2026,Youtube
538,img0538.jpg,crack,Abdul,11-04-2026,Deccan Herald
539,img0539.jpg,crack,Abdul,11-04-2026,Hindustan Times
540,img0540.jpg,crack,Abdul,11-04-2026,The Hindu
541,img0541.jpg,crack,Abdul,12-04-2026,NDTV
542,img0542.jpg,crack,Abdul,12-04-2026,iStock
543,img0543.jpg,crack,Abdul,12-04-2026,Economic Times
544,img0544.jpg,crack,Abdul,12-04-2026,India Today
545,img0545.jpg,crack,Abdul,12-04-2026,Dreamstime
546,img0546.jpg,crack,Abdul,12-04-2026,CNBC
547,img0547.jpg,crack,Abdul,12-04-2026,Getty
548,img0548.jpg,crack,Abdul,12-04-2026,India Express
549,img0549.jpg,crack,Abdul,12-04-2026,Roadsky
550,img0550.jpg,crack,Abdul,12-04-2026,India.com
551,img0551.jpg,crack,Abdul,12-04-2026,Economic Times
552,img0552.jpg,crack,Abdul,12-04-2026,Tripura Times
553,img0553.jpg,crack,Abdul,12-04-2026,Shutterstock
554,img0554.jpg,crack,Abdul,12-04-2026,Mid Day
555,img0555.jpg,crack,Abdul,12-04-2026,Bhaskar
556,img0556.jpg,crack,Abdul,12-04-2026,India.com
557,img0557.jpg,crack,Abdul,12-04-2026,Dawn
558,img0558.jpg,crack,Abdul,12-04-2026,The Gaurdian
559,img0559.jpg,crack,Abdul,12-04-2026,The Hindu
560,img0560.jpg,crack,Abdul,12-04-2026,India Today
561,img0561.jpg,crack,Abdul,12-04-2026,Media India Group
562,img0562.jpg,crack,Abdul,12-04-2026,TOI
563,img0563.jpg,crack,Abdul,12-04-2026,Hindustan Times
564,img0564.jpg,crack,Abdul,12-04-2026,Sputnik India
565,img0565.jpg,crack,Abdul,12-04-2026,The Hindu
566,img0566.jpg,crack,Abdul,12-04-2026,Youtube
567,img0567.jpg,crack,Abdul,12-04-2026,Deccan Herald
568,img0568.jpg,crack,Abdul,12-04-2026,Hindustan Times
569,img0569.jpg,crack,Abdul,12-04-2026,The Hindu
570,img0570.jpg,crack,Abdul,12-04-2026,NDTV
571,img0571.jpg,crack,Abdul,12-04-2026,iStock
572,img0572.jpg,crack,Abdul,12-04-2026,Economic Times
573,img0573.jpg,crack,Abdul,12-04-2026,India Today
574,img0574.jpg,crack,Abdul,12-04-2026,Dreamstime
575,img0575.jpg,crack,Abdul,12-04-2026,CNBC
576,img0576.jpg,crack,Abdul,12-04-2026,Getty
577,img0577.jpg,crack,Abdul,12-04-2026,India Express
578,img0578.jpg,crack,Abdul,12-04-2026,Roadsky
579,img0579.jpg,crack,Abdul,12-04-2026,India.com
580,img0580.jpg,crack,Abdul,12-04-2026,Economic Times
581,img0581.jpg,crack,Abdul,12-04-2026,Tripura Times
582,img0582.jpg,crack,Abdul,12-04-2026,Shutterstock
583,img0583.jpg,crack,Abdul,12-04-2026,Mid Day
584,img0584.jpg,crack,Abdul,12-04-2026,Bhaskar
585,img0585.jpg,crack,Abdul,12-04-2026,India.com
586,img0586.jpg,crack,Abdul,12-04-2026,Dawn
587,img0587.jpg,crack,Abdul,12-04-2026,The Gaurdian
588,img0588.jpg,crack,Abdul,12-04-2026,CNBC
589,img0589.jpg,crack,Abdul,12-04-2026,Getty
590,img0590.jpg,crack,Abdul,12-04-2026,India Express
591,img0591.jpg,crack,Abdul,12-04-2026,Roadsky
592,img0592.jpg,crack,Abdul,12-04-2026,India.com
593,img0593.jpg,crack,Abdul,12-04-2026,Economic Times
594,img0594.jpg,crack,Abdul,12-04-2026,Tripura Times
595,img0595.jpg,crack,Abdul,12-04-2026,Shutterstock
596,img0596.jpg,crack,Abdul,12-04-2026,Mid Day
597,img0597.jpg,crack,Abdul,12-04-2026,Bhaskar
598,img0598.jpg,crack,Abdul,12-04-2026,India.com
599,img0599.jpg,crack,Abdul,12-04-2026,Dawn
600,img0600.jpg,crack,Abdul,12-04-2026,The Gaurdian
601,img0601.jpg,waterlogged road,Jayesh,04-03-2026,Google creative commons
602,img0602.jpg,waterlogged road,Jayesh,04-03-2026,Google creative commons
603,img0603.jpg,waterlogged road,Jayesh,04-03-2026,Google creative commons
604,img0604.jpg,waterlogged road,Jayesh,04-03-2026,Google creative commons
605,img0605.jpg,waterlogged road,Jayesh,04-03-2026,Google creative commons
606,img0606.jpg,waterlogged road,Jayesh,04-03-2026,Google creative commons
607,img0607.jpg,waterlogged road,Jayesh,04-03-2026,Google creative commons
608,img0608.jpg,waterlogged road,Jayesh,04-03-2026,Google creative commons
609,img0609.jpg,waterlogged road,Jayesh,04-03-2026,Google creative commons
610,img0610.jpg,waterlogged road,Jayesh,04-03-2026,Google creative commons
611,img0611.jpg,waterlogged road,Jayesh,04-03-2026,Google creative commons
612,img0612.jpg,waterlogged road,Jayesh,04-03-2026,Google creative commons
613,img0613.jpg,waterlogged road,Jayesh,04-03-2026,Google creative commons
614,img0614.jpg,waterlogged road,Jayesh,04-03-2026,Google creative commons
615,img0615.jpg,waterlogged road,Jayesh,04-03-2026,Google creative commons
616,img0616.jpg,waterlogged road,Jayesh,04-03-2026,Google creative commons
617,img0617.jpg,waterlogged road,Jayesh,04-03-2026,Google creative commons
618,img0618.jpg,waterlogged road,Jayesh,04-03-2026,Google creative commons
619,img0619.jpg,waterlogged road,Jayesh,04-03-2026,Google creative commons
620,img0620.jpg,waterlogged road,Jayesh,04-03-2026,Google creative commons
621,img0621.jpg,waterlogged road,Jayesh,04-03-2026,Google creative commons
622,img0622.jpg,waterlogged road,Jayesh,04-03-2026,Google creative commons
623,img0623.jpg,waterlogged road,Jayesh,04-03-2026,Google creative commons
624,img0624.jpg,waterlogged road,Jayesh,04-03-2026,Google creative commons
625,img0625.jpg,waterlogged road,Jayesh,04-03-2026,Google creative commons
626,img0626.jpg,waterlogged road,Jayesh,04-03-2026,Google creative commons
627,img0627.jpg,waterlogged road,Jayesh,04-03-2026,Google creative commons
628,img0628.jpg,waterlogged road,Jayesh,04-03-2026,Google creative commons
629,img0629.jpg,waterlogged road,Jayesh,04-03-2026,Google creative commons
630,img0630.jpg,waterlogged road,Jayesh,04-03-2026,Google creative commons
631,img0631.jpg,waterlogged road,Jayesh,04-03-2026,Google creative commons
632,img0632.jpg,waterlogged road,Jayesh,04-03-2026,Google creative commons
633,img0633.jpg,waterlogged road,Jayesh,04-03-2026,Google creative commons
634,img0634.jpg,waterlogged road,Jayesh,04-03-2026,Google creative commons
635,img0635.jpg,waterlogged road,Jayesh,04-03-2026,Google creative commons
636,img0636.jpg,waterlogged road,Jayesh,04-03-2026,Google creative commons
637,img0637.jpg,waterlogged road,Jayesh,04-03-2026,Google creative commons
638,img0638.jpg,waterlogged road,Jayesh,04-03-2026,Google creative commons
639,img0639.jpg,waterlogged road,Jayesh,04-03-2026,Google creative commons
640,img0640.jpg,waterlogged road,Jayesh,04-03-2026,Google creative commons
641,img0641.jpg,waterlogged road,Jayesh,04-03-2026,Google creative commons
642,img0642.jpg,waterlogged road,Jayesh,04-03-2026,Google creative commons
643,img0643.jpg,waterlogged road,Jayesh,04-03-2026,Google creative commons
644,img0644.jpg,waterlogged road,Jayesh,04-03-2026,Google creative commons
645,img0645.jpg,waterlogged road,Jayesh,04-03-2026,Google creative commons
646,img0646.jpg,waterlogged road,Jayesh,04-03-2026,Google creative commons
647,img0647.jpg,waterlogged road,Jayesh,04-03-2026,Google creative commons
648,img0648.jpg,waterlogged road,Jayesh,04-03-2026,Google creative commons
649,img0649.jpg,waterlogged road,Jayesh,04-03-2026,Google creative commons
650,img0650.jpg,waterlogged road,Jayesh,06-03-2026,Google creative commons
651,img0651.jpg,waterlogged road,Jayesh,06-03-2026,Google creative commons
652,img0652.jpg,waterlogged road,Jayesh,06-03-2026,Google creative commons
653,img0653.jpg,waterlogged road,Jayesh,06-03-2026,Google creative commons
654,img0654.jpg,waterlogged road,Jayesh,06-03-2026,Google creative commons
655,img0655.jpg,waterlogged road,Jayesh,06-03-2026,Google creative commons
656,img0656.jpg,waterlogged road,Jayesh,06-03-2026,Google creative commons
657,img0657.jpg,waterlogged road,Jayesh,06-03-2026,Google creative commons
658,img0658.jpg,waterlogged road,Jayesh,06-03-2026,Google creative commons
659,img0659.jpg,waterlogged road,Jayesh,06-03-2026,Google creative commons
660,img0660.jpg,waterlogged road,Jayesh,06-03-2026,Google creative commons
661,img0661.jpg,waterlogged road,Jayesh,06-03-2026,Google creative commons
662,img0662.jpg,waterlogged road,Jayesh,06-03-2026,Google creative commons
663,img0663.jpg,waterlogged road,Jayesh,06-03-2026,Google creative commons
664,img0664.jpg,waterlogged road,Jayesh,06-03-2026,Google creative commons
665,img0665.jpg,waterlogged road,Jayesh,06-03-2026,Google creative commons
666,img0666.jpg,waterlogged road,Jayesh,06-03-2026,Google creative commons
667,img0667.jpg,waterlogged road,Jayesh,06-03-2026,Google creative commons
668,img0668.jpg,waterlogged road,Jayesh,06-03-2026,Google creative commons
669,img0669.jpg,waterlogged road,Jayesh,06-03-2026,Google creative commons
670,img0670.jpg,waterlogged road,Jayesh,06-03-2026,Google creative commons
671,img0671.jpg,waterlogged road,Jayesh,06-03-2026,Google creative commons
672,img0672.jpg,waterlogged road,Jayesh,06-03-2026,Google creative commons
673,img0673.jpg,waterlogged road,Jayesh,06-03-2026,Google creative commons
674,img0674.jpg,waterlogged road,Jayesh,06-03-2026,Google creative commons
675,img0675.jpg,waterlogged road,Jayesh,06-03-2026,Google creative commons
676,img0676.jpg,waterlogged road,Jayesh,06-03-2026,Google creative commons
677,img0677.jpg,waterlogged road,Jayesh,06-03-2026,Google creative commons
678,img0678.jpg,waterlogged road,Jayesh,06-03-2026,Google creative commons
679,img0679.jpg,waterlogged road,Jayesh,06-03-2026,Google creative commons
680,img0680.jpg,waterlogged road,Jayesh,06-03-2026,Google creative commons
681,img0681.jpg,waterlogged road,Jayesh,06-03-2026,Google creative commons
682,img0682.jpg,waterlogged road,Jayesh,06-03-2026,Google creative commons
683,img0683.jpg,waterlogged road,Jayesh,06-03-2026,Google creative commons
684,img0684.jpg,waterlogged road,Jayesh,06-03-2026,Google creative commons
685,img0685.jpg,waterlogged road,Jayesh,06-03-2026,Google creative commons
686,img0686.jpg,waterlogged road,Jayesh,06-03-2026,Google creative commons
687,img0687.jpg,waterlogged road,Jayesh,06-03-2026,Google creative commons
688,img0688.jpg,waterlogged road,Jayesh,06-03-2026,Google creative commons
689,img0689.jpg,waterlogged road,Jayesh,06-03-2026,Google creative commons
690,img0690.jpg,waterlogged road,Jayesh,06-03-2026,Google creative commons
691,img0691.jpg,waterlogged road,Jayesh,06-03-2026,Google creative commons
692,img0692.jpg,waterlogged road,Jayesh,06-03-2026,Google creative commons
693,img0693.jpg,waterlogged road,Jayesh,06-03-2026,Google creative commons
694,img0694.jpg,waterlogged road,Jayesh,06-03-2026,Google creative commons
695,img0695.jpg,waterlogged road,Jayesh,06-03-2026,Google creative commons
696,img0696.jpg,waterlogged road,Jayesh,06-03-2026,Google creative commons
697,img0697.jpg,waterlogged road,Jayesh,06-03-2026,Google creative commons
698,img0698.jpg,waterlogged road,Jayesh,06-03-2026,Google creative commons
699,img0699.jpg,waterlogged road,Jayesh,06-03-2026,Google creative commons
700,img0700.jpg,waterlogged road,Jayesh,06-03-2026,Google creative commons
701,img0701.jpg,waterlogged road,Jayesh,06-03-2026,Google creative commons
702,img0702.jpg,waterlogged road,Jayesh,06-03-2026,Google creative commons
703,img0703.jpg,waterlogged road,Jayesh,06-03-2026,Google creative commons
704,img0704.jpg,waterlogged road,Jayesh,06-03-2026,Google creative commons
705,img0705.jpg,waterlogged road,Jayesh,06-03-2026,Google creative commons
706,img0706.jpg,waterlogged road,Jayesh,06-03-2026,Google creative commons
707,img0707.jpg,waterlogged road,Jayesh,06-03-2026,Google creative commons
708,img0708.jpg,waterlogged road,Jayesh,08-04-2026,Google creative commons
709,img0709.jpg,waterlogged road,Jayesh,08-04-2026,Google creative commons
710,img0710.jpg,waterlogged road,Jayesh,08-04-2026,Google creative commons
711,img0711.jpg,waterlogged road,Jayesh,08-04-2026,Google creative commons
712,img0712.jpg,waterlogged road,Jayesh,08-04-2026,Google creative commons
713,img0713.jpg,waterlogged road,Jayesh,08-04-2026,Google creative commons
714,img0714.jpg,waterlogged road,Jayesh,08-04-2026,Google creative commons
715,img0715.jpg,waterlogged road,Jayesh,08-04-2026,Google creative commons
716,img0716.jpg,waterlogged road,Jayesh,08-04-2026,Google creative commons
717,img0717.jpg,waterlogged road,Jayesh,08-04-2026,Google creative commons
718,img0718.jpg,waterlogged road,Jayesh,08-04-2026,Google creative commons
719,img0719.jpg,waterlogged road,Jayesh,08-04-2026,Google creative commons
720,img0720.jpg,waterlogged road,Jayesh,08-04-2026,Google creative commons
721,img0721.jpg,waterlogged road,Jayesh,08-04-2026,Google creative commons
722,img0722.jpg,waterlogged road,Jayesh,08-04-2026,Google creative commons
723,img0723.jpg,waterlogged road,Jayesh,08-04-2026,Google creative commons
724,img0724.jpg,waterlogged road,Jayesh,08-04-2026,Google creative commons
725,img0725.jpg,waterlogged road,Jayesh,08-04-2026,Google creative commons
726,img0726.jpg,waterlogged road,Jayesh,08-04-2026,Google creative commons
727,img0727.jpg,waterlogged road,Jayesh,08-04-2026,Google creative commons
728,img0728.jpg,waterlogged road,Jayesh,08-04-2026,Google creative commons
729,img0729.jpg,waterlogged road,Jayesh,08-04-2026,Google creative commons
730,img0730.jpg,waterlogged road,Jayesh,08-04-2026,Google creative commons
731,img0731.jpg,waterlogged road,Jayesh,08-04-2026,Google creative commons
732,img0732.jpg,waterlogged road,Jayesh,08-04-2026,Google creative commons
733,img0733.jpg,waterlogged road,Jayesh,08-04-2026,Google creative commons
734,img0734.jpg,waterlogged road,Jayesh,08-04-2026,Google creative commons
735,img0735.jpg,waterlogged road,Jayesh,08-04-2026,Google creative commons
736,img0736.jpg,waterlogged road,Jayesh,08-04-2026,Google creative commons
737,img0737.jpg,waterlogged road,Jayesh,08-04-2026,Google creative commons
738,img0738.jpg,waterlogged road,Jayesh,08-04-2026,Google creative commons
739,img0739.jpg,waterlogged road,Jayesh,08-04-2026,Google creative commons
740,img0740.jpg,waterlogged road,Jayesh,08-04-2026,Google creative commons
741,img0741.jpg,waterlogged road,Jayesh,08-04-2026,Google creative commons
742,img0742.jpg,waterlogged road,Jayesh,08-04-2026,Google creative commons
743,img0743.jpg,waterlogged road,Jayesh,08-04-2026,Google creative commons
744,img0744.jpg,waterlogged road,Jayesh,08-04-2026,Google creative commons
745,img0745.jpg,waterlogged road,Jayesh,08-04-2026,Google creative commons
746,img0746.jpg,waterlogged road,Jayesh,08-04-2026,Google creative commons
747,img0747.jpg,waterlogged road,Jayesh,08-04-2026,Google creative commons
748,img0748.jpg,waterlogged road,Jayesh,08-04-2026,Google creative commons
749,img0749.jpg,waterlogged road,Jayesh,08-04-2026,Google creative commons
750,img0750.jpg,waterlogged road,Jayesh,08-04-2026,Google creative commons
751,img0751.jpg,waterlogged road,Jayesh,08-04-2026,Google creative commons
752,img0752.jpg,waterlogged road,Jayesh,08-04-2026,Google creative commons
753,img0753.jpg,waterlogged road,Jayesh,08-04-2026,Google creative commons
754,img0754.jpg,waterlogged road,Jayesh,08-04-2026,Google creative commons
755,img0755.jpg,waterlogged road,Jayesh,08-04-2026,Google creative commons
756,img0756.jpg,waterlogged road,Jayesh,08-04-2026,Google creative commons
757,img0757.jpg,waterlogged road,Jayesh,08-04-2026,Google creative commons
758,img0758.jpg,waterlogged road,Jayesh,08-04-2026,Google creative commons
759,img0759.jpg,waterlogged road,Jayesh,08-04-2026,Google creative commons
760,img0760.jpg,waterlogged road,Jayesh,08-04-2026,Google creative commons
761,img0761.jpg,waterlogged road,Jayesh,08-04-2026,Google creative commons
762,img0762.jpg,waterlogged road,Jayesh,08-04-2026,Google creative commons
763,img0763.jpg,waterlogged road,Jayesh,08-04-2026,Google creative commons
764,img0764.jpg,waterlogged road,Jayesh,08-04-2026,Google creative commons
765,img0765.jpg,waterlogged road,Jayesh,08-04-2026,Google creative commons
766,img0766.jpg,waterlogged road,Jayesh,08-04-2026,Google creative commons
767,img0767.jpg,waterlogged road,Jayesh,08-04-2026,Google creative commons
768,img0768.jpg,waterlogged road,Jayesh,08-04-2026,Google creative commons
769,img0769.jpg,waterlogged road,Jayesh,08-04-2026,Google creative commons
770,img0770.jpg,waterlogged road,Jayesh,08-04-2026,Google creative commons
771,img0771.jpg,waterlogged road,Jayesh,08-04-2026,Google creative commons
772,img0772.jpg,waterlogged road,Jayesh,08-04-2026,Google creative commons
773,img0773.jpg,waterlogged road,Jayesh,08-04-2026,Google creative commons
774,img0774.jpg,waterlogged road,Jayesh,08-04-2026,Google creative commons
775,img0775.jpg,waterlogged road,Jayesh,08-04-2026,Google creative commons
776,img0776.jpg,waterlogged road,Jayesh,08-04-2026,Google creative commons
777,img0777.jpg,waterlogged road,Jayesh,08-04-2026,Google creative commons
778,img0778.jpg,waterlogged road,Jayesh,08-04-2026,Google creative commons
779,img0779.jpg,waterlogged road,Jayesh,08-04-2026,Google creative commons
780,img0780.jpg,waterlogged road,Jayesh,08-04-2026,Google creative commons
781,img0781.jpg,waterlogged road,Jayesh,08-04-2026,Google creative commons
782,img0782.jpg,waterlogged road,Jayesh,08-04-2026,Google creative commons
783,img0783.jpg,waterlogged road,Jayesh,08-04-2026,Google creative commons
784,img0784.jpg,waterlogged road,Jayesh,08-04-2026,Google creative commons
785,img0785.jpg,waterlogged road,Jayesh,08-04-2026,Google creative commons
786,img0786.jpg,waterlogged road,Jayesh,08-04-2026,Google creative commons
787,img0787.jpg,waterlogged road,Jayesh,08-04-2026,Google creative commons
788,img0788.jpg,waterlogged road,Jayesh,08-04-2026,Google creative commons
789,img0789.jpg,waterlogged road,Jayesh,08-04-2026,Google creative commons
790,img0790.jpg,waterlogged road,Jayesh,08-04-2026,Google creative commons
791,img0791.jpg,waterlogged road,Jayesh,08-04-2026,Google creative commons
792,img0792.jpg,waterlogged road,Jayesh,08-04-2026,Google creative commons
793,img0793.jpg,waterlogged road,Jayesh,11-04-2026,Google creative commons
794,img0794.jpg,waterlogged road,Jayesh,11-04-2026,Google creative commons
795,img0795.jpg,waterlogged road,Jayesh,11-04-2026,Google creative commons
796,img0796.jpg,waterlogged road,Jayesh,11-04-2026,Google creative commons
797,img0797.jpg,waterlogged road,Jayesh,11-04-2026,Google creative commons
798,img0798.jpg,waterlogged road,Jayesh,11-04-2026,Google creative commons
799,img0799.jpg,waterlogged road,Jayesh,11-04-2026,Google creative commons
800,img0800.jpg,waterlogged road,Jayesh,11-04-2026,Google creative commons
801,img0801.jpg,broken road edge,Jayesh,11-04-2026,Google creative commons
802,img0802.jpg,broken road edge,Jayesh,11-04-2026,Google creative commons
803,img0803.jpg,broken road edge,Jayesh,11-04-2026,Google creative commons
804,img0804.jpg,broken road edge,Jayesh,11-04-2026,Google creative commons
805,img0805.jpg,broken road edge,Jayesh,11-04-2026,Google creative commons
806,img0806.jpg,broken road edge,Jayesh,11-04-2026,Google creative commons
807,img0807.jpg,broken road edge,Jayesh,11-04-2026,Google creative commons
808,img0808.jpg,broken road edge,Jayesh,11-04-2026,Google creative commons
809,img0809.jpg,broken road edge,Jayesh,11-04-2026,Google creative commons
810,img0810.jpg,broken road edge,Jayesh,11-04-2026,Google creative commons
811,img0811.jpg,broken road edge,Jayesh,11-04-2026,Google creative commons
812,img0812.jpg,broken road edge,Jayesh,11-04-2026,Google creative commons
813,img0813.jpg,broken road edge,Jayesh,11-04-2026,Google creative commons
814,img0814.jpg,broken road edge,Jayesh,11-04-2026,Google creative commons
815,img0815.jpg,broken road edge,Jayesh,11-04-2026,Google creative commons
816,img0816.jpg,broken road edge,Jayesh,11-04-2026,Google creative commons
817,img0817.jpg,broken road edge,Jayesh,11-04-2026,Google creative commons
818,img0818.jpg,broken road edge,Jayesh,11-04-2026,Google creative commons
819,img0819.jpg,broken road edge,Jayesh,11-04-2026,Google creative commons
820,img0820.jpg,broken road edge,Jayesh,11-04-2026,Google creative commons
821,img0821.jpg,broken road edge,Jayesh,11-04-2026,Google creative commons
822,img0822.jpg,broken road edge,Jayesh,11-04-2026,Google creative commons
823,img0823.jpg,broken road edge,Jayesh,11-04-2026,Google creative commons
824,img0824.jpg,broken road edge,Jayesh,11-04-2026,Google creative commons
825,img0825.jpg,broken road edge,Jayesh,11-04-2026,Google creative commons
826,img0826.jpg,broken road edge,Jayesh,11-04-2026,Google creative commons
827,img0827.jpg,broken road edge,Jayesh,11-04-2026,Google creative commons
828,img0828.jpg,broken road edge,Jayesh,11-04-2026,Google creative commons
829,img0829.jpg,broken road edge,Jayesh,11-04-2026,Google creative commons
830,img0830.jpg,broken road edge,Jayesh,11-04-2026,Google creative commons
831,img0831.jpg,broken road edge,Jayesh,11-04-2026,Google creative commons
832,img0832.jpg,broken road edge,Jayesh,11-04-2026,Google creative commons
833,img0833.jpg,broken road edge,Jayesh,11-04-2026,Google creative commons
834,img0834.jpg,broken road edge,Jayesh,11-04-2026,Google creative commons
835,img0835.jpg,broken road edge,Jayesh,11-04-2026,Google creative commons
836,img0836.jpg,broken road edge,Jayesh,11-04-2026,Google creative commons
837,img0837.jpg,broken road edge,Jayesh,11-04-2026,Google creative commons
838,img0838.jpg,broken road edge,Jayesh,11-04-2026,Google creative commons
839,img0839.jpg,broken road edge,Jayesh,11-04-2026,Google creative commons
840,img0840.jpg,broken road edge,Jayesh,11-04-2026,Google creative commons
841,img0841.jpg,broken road edge,Jayesh,12-04-2026,Google creative commons
842,img0842.jpg,broken road edge,Jayesh,12-04-2026,Google creative commons
843,img0843.jpg,broken road edge,Jayesh,12-04-2026,Google creative commons
844,img0844.jpg,broken road edge,Jayesh,12-04-2026,Google creative commons
845,img0845.jpg,broken road edge,Jayesh,12-04-2026,Google creative commons
846,img0846.jpg,broken road edge,Jayesh,12-04-2026,Google creative commons
847,img0847.jpg,broken road edge,Jayesh,12-04-2026,Google creative commons
848,img0848.jpg,broken road edge,Jayesh,12-04-2026,Google creative commons
849,img0849.jpg,broken road edge,Jayesh,12-04-2026,Google creative commons
850,img0850.jpg,broken road edge,Jayesh,12-04-2026,Google creative commons
851,img0851.jpg,broken road edge,Jayesh,12-04-2026,Google creative commons
852,img0852.jpg,broken road edge,Jayesh,12-04-2026,Google creative commons
853,img0853.jpg,broken road edge,Jayesh,12-04-2026,Google creative commons
854,img0854.jpg,broken road edge,Jayesh,12-04-2026,Google creative commons
855,img0855.jpg,broken road edge,Jayesh,12-04-2026,Google creative commons
856,img0856.jpg,broken road edge,Jayesh,12-04-2026,Google creative commons
857,img0857.jpg,broken road edge,Jayesh,12-04-2026,Google creative commons
858,img0858.jpg,broken road edge,Jayesh,12-04-2026,Google creative commons
859,img0859.jpg,broken road edge,Jayesh,12-04-2026,Google creative commons
860,img0860.jpg,broken road edge,Jayesh,12-04-2026,Google creative commons
861,img0861.jpg,broken road edge,Jayesh,12-04-2026,Google creative commons
862,img0862.jpg,broken road edge,Jayesh,12-04-2026,Google creative commons
863,img0863.jpg,broken road edge,Jayesh,12-04-2026,Google creative commons
864,img0864.jpg,broken road edge,Jayesh,12-04-2026,Google creative commons
865,img0865.jpg,broken road edge,Jayesh,12-04-2026,Google creative commons
866,img0866.jpg,broken road edge,Jayesh,12-04-2026,Google creative commons
867,img0867.jpg,broken road edge,Jayesh,12-04-2026,Google creative commons
868,img0868.jpg,broken road edge,Jayesh,12-04-2026,Google creative commons
869,img0869.jpg,broken road edge,Jayesh,12-04-2026,Google creative commons
870,img0870.jpg,broken road edge,Jayesh,12-04-2026,Google creative commons
871,img0871.jpg,broken road edge,Jayesh,12-04-2026,Google creative commons
872,img0872.jpg,broken road edge,Jayesh,12-04-2026,Google creative commons
873,img0873.jpg,broken road edge,Jayesh,12-04-2026,Google creative commons
874,img0874.jpg,broken road edge,Jayesh,12-04-2026,Google creative commons
875,img0875.jpg,broken road edge,Jayesh,12-04-2026,Google creative commons
876,img0876.jpg,broken road edge,Jayesh,12-04-2026,Google creative commons
877,img0877.jpg,broken road edge,Jayesh,12-04-2026,Google creative commons
878,img0878.jpg,broken road edge,Jayesh,12-04-2026,Google creative commons
879,img0879.jpg,broken road edge,Jayesh,12-04-2026,Google creative commons
880,img0880.jpg,broken road edge,Jayesh,12-04-2026,Google creative commons
881,img0881.jpg,broken road edge,Jayesh,12-04-2026,Google creative commons
882,img0882.jpg,broken road edge,Jayesh,12-04-2026,Google creative commons
883,img0883.jpg,broken road edge,Jayesh,12-04-2026,Google creative commons
884,img0884.jpg,broken road edge,Jayesh,12-04-2026,Google creative commons
885,img0885.jpg,broken road edge,Jayesh,12-04-2026,Google creative commons
886,img0886.jpg,broken road edge,Jayesh,12-04-2026,Google creative commons
887,img0887.jpg,broken road edge,Jayesh,12-04-2026,Google creative commons
888,img0888.jpg,broken road edge,Jayesh,12-04-2026,Google creative commons
889,img0889.jpg,broken road edge,Jayesh,12-04-2026,Google creative commons
890,img0890.jpg,broken road edge,Jayesh,12-04-2026,Google creative commons
891,img0891.jpg,broken road edge,Jayesh,12-04-2026,Google creative commons
892,img0892.jpg,broken road edge,Jayesh,12-04-2026,Google creative commons
893,img0893.jpg,broken road edge,Jayesh,12-04-2026,Google creative commons
894,img0894.jpg,broken road edge,Jayesh,12-04-2026,Google creative commons
895,img0895.jpg,broken road edge,Jayesh,12-04-2026,Google creative commons
896,img0896.jpg,broken road edge,Jayesh,12-04-2026,Google creative commons
897,img0897.jpg,broken road edge,Jayesh,12-04-2026,Google creative commons
898,img0898.jpg,broken road edge,Jayesh,12-04-2026,Google creative commons
899,img0899.jpg,broken road edge,Jayesh,12-04-2026,Google creative commons
900,img0900.jpg,broken road edge,Jayesh,12-04-2026,Google creative commons
901,img0901.jpg,broken road edge,Sahil,04-03-2026,Google Maps
902,img0902.jpg,broken road edge,Sahil,04-03-2026,Google Maps
903,img0903.jpg,broken road edge,Sahil,04-03-2026,Google Maps
904,img0904.jpg,broken road edge,Sahil,04-03-2026,Google Maps
905,img0905.jpg,broken road edge,Sahil,04-03-2026,Google Maps
906,img0906.jpg,broken road edge,Sahil,04-03-2026,Google Maps
907,img0907.jpg,broken road edge,Sahil,04-03-2026,Google Images
908,img0908.jpg,broken road edge,Sahil,04-03-2026,Google Images
909,img0909.jpg,broken road edge,Sahil,04-03-2026,Google Images
910,img0910.jpg,broken road edge,Sahil,04-03-2026,Google Images
911,img0911.jpg,broken road edge,Sahil,04-03-2026,Google Images
912,img0912.jpg,broken road edge,Sahil,04-03-2026,Google Images
913,img0913.jpg,broken road edge,Sahil,04-03-2026,Google Images
914,img0914.jpg,broken road edge,Sahil,04-03-2026,Google Images
915,img0915.jpg,broken road edge,Sahil,04-03-2026,Google Images
916,img0916.jpg,broken road edge,Sahil,04-03-2026,Google Images
917,img0917.jpg,broken road edge,Sahil,04-03-2026,Google Images
918,img0918.jpg,broken road edge,Sahil,04-03-2026,Google Images
919,img0919.jpg,broken road edge,Sahil,04-03-2026,Google Images
920,img0920.jpg,broken road edge,Sahil,04-03-2026,Google Images
921,img0921.jpg,broken road edge,Sahil,04-03-2026,Google Images
922,img0922.jpg,broken road edge,Sahil,04-03-2026,Google Images
923,img0923.jpg,broken road edge,Sahil,04-03-2026,Google Images
924,img0924.jpg,broken road edge,Sahil,04-03-2026,Google Images
925,img0925.jpg,broken road edge,Sahil,04-03-2026,Google Images
926,img0926.jpg,broken road edge,Sahil,04-03-2026,Google Images
927,img0927.jpg,broken road edge,Sahil,04-03-2026,Google Images
928,img0928.jpg,broken road edge,Sahil,04-03-2026,Google Images
929,img0929.jpg,broken road edge,Sahil,04-03-2026,Google Images
930,img0930.jpg,broken road edge,Sahil,04-03-2026,Google Images
931,img0931.jpg,broken road edge,Sahil,04-03-2026,Google Images
932,img0932.jpg,broken road edge,Sahil,04-03-2026,Google Images
933,img0933.jpg,broken road edge,Sahil,04-03-2026,Google Images
934,img0934.jpg,broken road edge,Sahil,04-03-2026,Google Images
935,img0935.jpg,broken road edge,Sahil,04-03-2026,Google Images
936,img0936.jpg,broken road edge,Sahil,04-03-2026,Google Images
937,img0937.jpg,broken road edge,Sahil,04-03-2026,Google Images
938,img0938.jpg,broken road edge,Sahil,04-03-2026,Google Images
939,img0939.jpg,broken road edge,Sahil,04-03-2026,Google Images
940,img0940.jpg,broken road edge,Sahil,04-03-2026,Google Images
941,img0941.jpg,broken road edge,Sahil,04-03-2026,Google Images
942,img0942.jpg,broken road edge,Sahil,04-03-2026,Google Images
943,img0943.jpg,broken road edge,Sahil,04-03-2026,Google Images
944,img0944.jpg,broken road edge,Sahil,04-03-2026,Google Images
945,img0945.jpg,broken road edge,Sahil,04-03-2026,Google Images
946,img0946.jpg,broken road edge,Sahil,04-03-2026,Google Images
947,img0947.jpg,broken road edge,Sahil,04-03-2026,Google Images
948,img0948.jpg,broken road edge,Sahil,04-03-2026,Google Images
949,img0949.jpg,broken road edge,Sahil,04-03-2026,Google Images
950,img0950.jpg,broken road edge,Sahil,06-03-2026,Google Images
951,img0951.jpg,broken road edge,Sahil,06-03-2026,Google Images
952,img0952.jpg,broken road edge,Sahil,06-03-2026,Google Images
953,img0953.jpg,broken road edge,Sahil,06-03-2026,Google Images
954,img0954.jpg,broken road edge,Sahil,06-03-2026,Google Images
955,img0955.jpg,broken road edge,Sahil,06-03-2026,Google Images
956,img0956.jpg,broken road edge,Sahil,06-03-2026,Google Images
957,img0957.jpg,broken road edge,Sahil,06-03-2026,Google Images
958,img0958.jpg,broken road edge,Sahil,06-03-2026,Google Images
959,img0959.jpg,broken road edge,Sahil,06-03-2026,Google Images
960,img0960.jpg,broken road edge,Sahil,06-03-2026,Google Images
961,img0961.jpg,broken road edge,Sahil,06-03-2026,Google Images
962,img0962.jpg,broken road edge,Sahil,06-03-2026,Google Images
963,img0963.jpg,broken road edge,Sahil,06-03-2026,Google Images
964,img0964.jpg,broken road edge,Sahil,06-03-2026,Google Images
965,img0965.jpg,broken road edge,Sahil,06-03-2026,Google Images
966,img0966.jpg,broken road edge,Sahil,06-03-2026,Google Images
967,img0967.jpg,broken road edge,Sahil,06-03-2026,Google Images
968,img0968.jpg,broken road edge,Sahil,06-03-2026,Google Images
969,img0969.jpg,broken road edge,Sahil,06-03-2026,Google Images
970,img0970.jpg,broken road edge,Sahil,06-03-2026,Google Images
971,img0971.jpg,broken road edge,Sahil,06-03-2026,Google Images
972,img0972.jpg,broken road edge,Sahil,06-03-2026,Google Images
973,img0973.jpg,broken road edge,Sahil,06-03-2026,Google Images
974,img0974.jpg,broken road edge,Sahil,06-03-2026,Google Images
975,img0975.jpg,broken road edge,Sahil,06-03-2026,Google Images
976,img0976.jpg,broken road edge,Sahil,06-03-2026,Google Images
977,img0977.jpg,broken road edge,Sahil,06-03-2026,Google Images
978,img0978.jpg,broken road edge,Sahil,06-03-2026,Google Images
979,img0979.jpg,broken road edge,Sahil,06-03-2026,Google Images
980,img0980.jpg,broken road edge,Sahil,06-03-2026,Google Images
981,img0981.jpg,broken road edge,Sahil,06-03-2026,Google Images
982,img0982.jpg,broken road edge,Sahil,06-03-2026,Google Images
983,img0983.jpg,broken road edge,Sahil,06-03-2026,Google Images
984,img0984.jpg,broken road edge,Sahil,06-03-2026,Google Images
985,img0985.jpg,broken road edge,Sahil,06-03-2026,Google Images
986,img0986.jpg,broken road edge,Sahil,06-03-2026,Google Images
987,img0987.jpg,broken road edge,Sahil,06-03-2026,Google Images
988,img0988.jpg,broken road edge,Sahil,06-03-2026,Google Images
989,img0989.jpg,broken road edge,Sahil,06-03-2026,Google Images
990,img0990.jpg,broken road edge,Sahil,06-03-2026,Google Images
991,img0991.jpg,broken road edge,Sahil,06-03-2026,Google Images
992,img0992.jpg,broken road edge,Sahil,06-03-2026,Google Images
993,img0993.jpg,broken road edge,Sahil,06-03-2026,Google Images
994,img0994.jpg,broken road edge,Sahil,06-03-2026,Google Images
995,img0995.jpg,broken road edge,Sahil,06-03-2026,Google Images
996,img0996.jpg,broken road edge,Sahil,06-03-2026,Google Images
997,img0997.jpg,broken road edge,Sahil,06-03-2026,Google Images
998,img0998.jpg,broken road edge,Sahil,06-03-2026,Google Images
999,img0999.jpg,broken road edge,Sahil,06-03-2026,Google Images
1000,img1000.jpg,broken road edge,Sahil,06-03-2026,Google Images
1001,img1001.jpg,construction zone,Sahil,06-03-2026,Google Maps
1002,img1002.jpg,construction zone,Sahil,06-03-2026,Google Maps
1003,img1003.jpg,construction zone,Sahil,06-03-2026,Google Maps
1004,img1004.jpg,construction zone,Sahil,06-03-2026,Google Maps
1005,img1005.jpg,construction zone,Sahil,06-03-2026,Google Maps
1006,img1006.jpg,construction zone,Sahil,06-03-2026,Google Maps
1007,img1007.jpg,construction zone,Sahil,06-03-2026,Google Maps
1008,img1008.jpg,construction zone,Sahil,08-04-2026,Google Maps
1009,img1009.jpg,construction zone,Sahil,08-04-2026,Google Maps
1010,img1010.jpg,construction zone,Sahil,08-04-2026,Google Maps
1011,img1011.jpg,construction zone,Sahil,08-04-2026,Google Maps
1012,img1012.jpg,construction zone,Sahil,08-04-2026,Google Maps
1013,img1013.jpg,construction zone,Sahil,08-04-2026,Google Maps
1014,img1014.jpg,construction zone,Sahil,08-04-2026,Google Maps
1015,img1015.jpg,construction zone,Sahil,08-04-2026,Google Maps
1016,img1016.jpg,construction zone,Sahil,08-04-2026,Google Maps
1017,img1017.jpg,construction zone,Sahil,08-04-2026,Google Maps
1018,img1018.jpg,construction zone,Sahil,08-04-2026,Google Maps
1019,img1019.jpg,construction zone,Sahil,08-04-2026,Google Maps
1020,img1020.jpg,construction zone,Sahil,08-04-2026,Google Maps
1021,img1021.jpg,construction zone,Sahil,08-04-2026,Google Maps
1022,img1022.jpg,construction zone,Sahil,08-04-2026,Google Maps
1023,img1023.jpg,construction zone,Sahil,08-04-2026,Google Maps
1024,img1024.jpg,construction zone,Sahil,08-04-2026,Google Maps
1025,img1025.jpg,construction zone,Sahil,08-04-2026,Google Maps
1026,img1026.jpg,construction zone,Sahil,08-04-2026,Google Maps
1027,img1027.jpg,construction zone,Sahil,08-04-2026,Google Maps
1028,img1028.jpg,construction zone,Sahil,08-04-2026,Google Maps
1029,img1029.jpg,construction zone,Sahil,08-04-2026,Google Maps
1030,img1030.jpg,construction zone,Sahil,08-04-2026,Google Maps
1031,img1031.jpg,construction zone,Sahil,08-04-2026,Google Maps
1032,img1032.jpg,construction zone,Sahil,08-04-2026,Google Maps
1033,img1033.jpg,construction zone,Sahil,08-04-2026,Google Maps
1034,img1034.jpg,construction zone,Sahil,08-04-2026,Google Maps
1035,img1035.jpg,construction zone,Sahil,08-04-2026,Google Maps
1036,img1036.jpg,construction zone,Sahil,08-04-2026,Google Maps
1037,img1037.jpg,construction zone,Sahil,08-04-2026,Google Maps
1038,img1038.jpg,construction zone,Sahil,08-04-2026,Google Maps
1039,img1039.jpg,construction zone,Sahil,08-04-2026,Google Maps
1040,img1040.jpg,construction zone,Sahil,08-04-2026,Google Maps
1041,img1041.jpg,construction zone,Sahil,08-04-2026,Google Maps
1042,img1042.jpg,construction zone,Sahil,08-04-2026,Google Maps
1043,img1043.jpg,construction zone,Sahil,08-04-2026,Google Maps
1044,img1044.jpg,construction zone,Sahil,08-04-2026,Google Maps
1045,img1045.jpg,construction zone,Sahil,08-04-2026,Google Maps
1046,img1046.jpg,construction zone,Sahil,08-04-2026,Google Maps
1047,img1047.jpg,construction zone,Sahil,08-04-2026,Google Maps
1048,img1048.jpg,construction zone,Sahil,08-04-2026,Google Maps
1049,img1049.jpg,construction zone,Sahil,08-04-2026,Google Maps
1050,img1050.jpg,construction zone,Sahil,08-04-2026,Google Maps
1051,img1051.jpg,construction zone,Sahil,08-04-2026,Google Maps
1052,img1052.jpg,construction zone,Sahil,08-04-2026,Google Maps
1053,img1053.jpg,construction zone,Sahil,08-04-2026,Google Maps
1054,img1054.jpg,construction zone,Sahil,08-04-2026,Google Maps
1055,img1055.jpg,construction zone,Sahil,08-04-2026,Google Maps
1056,img1056.jpg,construction zone,Sahil,08-04-2026,Google Maps
1057,img1057.jpg,construction zone,Sahil,08-04-2026,Google Maps
1058,img1058.jpg,construction zone,Sahil,08-04-2026,Google Maps
1059,img1059.jpg,construction zone,Sahil,08-04-2026,Google Maps
1060,img1060.jpg,construction zone,Sahil,08-04-2026,Google Maps
1061,img1061.jpg,construction zone,Sahil,08-04-2026,Google Maps
1062,img1062.jpg,construction zone,Sahil,08-04-2026,Google Maps
1063,img1063.jpg,construction zone,Sahil,08-04-2026,Google Maps
1064,img1064.jpg,construction zone,Sahil,08-04-2026,Google Maps
1065,img1065.jpg,construction zone,Sahil,08-04-2026,Google Maps
1066,img1066.jpg,construction zone,Sahil,08-04-2026,Google Maps
1067,img1067.jpg,construction zone,Sahil,08-04-2026,Google Maps
1068,img1068.jpg,construction zone,Sahil,08-04-2026,Google Maps
1069,img1069.jpg,construction zone,Sahil,08-04-2026,Google Maps
1070,img1070.jpg,construction zone,Sahil,08-04-2026,Google Maps
1071,img1071.jpg,construction zone,Sahil,08-04-2026,Google Maps
1072,img1072.jpg,construction zone,Sahil,08-04-2026,Google Maps
1073,img1073.jpg,construction zone,Sahil,08-04-2026,Google Maps
1074,img1074.jpg,construction zone,Sahil,08-04-2026,Google Maps
1075,img1075.jpg,construction zone,Sahil,08-04-2026,Google Maps
1076,img1076.jpg,construction zone,Sahil,08-04-2026,Google Maps
1077,img1077.jpg,construction zone,Sahil,08-04-2026,Google Maps
1078,img1078.jpg,construction zone,Sahil,08-04-2026,Google Maps
1079,img1079.jpg,construction zone,Sahil,08-04-2026,Google Maps
1080,img1080.jpg,construction zone,Sahil,08-04-2026,Google Maps
1081,img1081.jpg,construction zone,Sahil,08-04-2026,Google Maps
1082,img1082.jpg,construction zone,Sahil,08-04-2026,Google Maps
1083,img1083.jpg,construction zone,Sahil,08-04-2026,Google Maps
1084,img1084.jpg,construction zone,Sahil,08-04-2026,Google Maps
1085,img1085.jpg,construction zone,Sahil,08-04-2026,Google Maps
1086,img1086.jpg,construction zone,Sahil,08-04-2026,Google Maps
1087,img1087.jpg,construction zone,Sahil,08-04-2026,Google Maps
1088,img1088.jpg,construction zone,Sahil,08-04-2026,Google Maps
1089,img1089.jpg,construction zone,Sahil,08-04-2026,Google Maps
1090,img1090.jpg,construction zone,Sahil,08-04-2026,Google Maps
1091,img1091.jpg,construction zone,Sahil,08-04-2026,Google Maps
1092,img1092.jpg,construction zone,Sahil,08-04-2026,Google Maps
1093,img1093.jpg,construction zone,Sahil,11-04-2026,Google Maps
1094,img1094.jpg,construction zone,Sahil,11-04-2026,Google Maps
1095,img1095.jpg,construction zone,Sahil,11-04-2026,Google Maps
1096,img1096.jpg,construction zone,Sahil,11-04-2026,Google Maps
1097,img1097.jpg,construction zone,Sahil,11-04-2026,Google Maps
1098,img1098.jpg,construction zone,Sahil,11-04-2026,Google Maps
1099,img1099.jpg,construction zone,Sahil,11-04-2026,Google Maps
1100,img1100.jpg,construction zone,Sahil,11-04-2026,Google Maps
1101,img1101.jpg,construction zone,Sahil,11-04-2026,Google Maps
1102,img1102.jpg,construction zone,Sahil,11-04-2026,Google Maps
1103,img1103.jpg,construction zone,Sahil,11-04-2026,Google Maps
1104,img1104.jpg,construction zone,Sahil,11-04-2026,Google Maps
1105,img1105.jpg,construction zone,Sahil,11-04-2026,Google Maps
1106,img1106.jpg,construction zone,Sahil,11-04-2026,Google Maps
1107,img1107.jpg,construction zone,Sahil,11-04-2026,Google Maps
1108,img1108.jpg,construction zone,Sahil,11-04-2026,Google Maps
1109,img1109.jpg,construction zone,Sahil,11-04-2026,Google Maps
1110,img1110.jpg,construction zone,Sahil,11-04-2026,Google Maps
1111,img1111.jpg,construction zone,Sahil,11-04-2026,Google Maps
1112,img1112.jpg,construction zone,Sahil,11-04-2026,Google Maps
1113,img1113.jpg,construction zone,Sahil,11-04-2026,Google Maps
1114,img1114.jpg,construction zone,Sahil,11-04-2026,Google Maps
1115,img1115.jpg,construction zone,Sahil,11-04-2026,Google Maps
1116,img1116.jpg,construction zone,Sahil,11-04-2026,Google Maps
1117,img1117.jpg,construction zone,Sahil,11-04-2026,Google Maps
1118,img1118.jpg,construction zone,Sahil,11-04-2026,Google Maps
1119,img1119.jpg,construction zone,Sahil,11-04-2026,Google Maps
1120,img1120.jpg,construction zone,Sahil,11-04-2026,Google Maps
1121,img1121.jpg,construction zone,Sahil,11-04-2026,Google Maps
1122,img1122.jpg,construction zone,Sahil,11-04-2026,Google Maps
1123,img1123.jpg,construction zone,Sahil,11-04-2026,Google Maps
1124,img1124.jpg,construction zone,Sahil,11-04-2026,Google Maps
1125,img1125.jpg,construction zone,Sahil,11-04-2026,Google Maps
1126,img1126.jpg,construction zone,Sahil,11-04-2026,Google Maps
1127,img1127.jpg,construction zone,Sahil,11-04-2026,Google Maps
1128,img1128.jpg,construction zone,Sahil,11-04-2026,Google Maps
1129,img1129.jpg,construction zone,Sahil,11-04-2026,Google Maps
1130,img1130.jpg,construction zone,Sahil,11-04-2026,Google Maps
1131,img1131.jpg,construction zone,Sahil,11-04-2026,Google Maps
1132,img1132.jpg,construction zone,Sahil,11-04-2026,Google Maps
1133,img1133.jpg,construction zone,Sahil,11-04-2026,Google Maps
1134,img1134.jpg,construction zone,Sahil,11-04-2026,Google Maps
1135,img1135.jpg,construction zone,Sahil,11-04-2026,Google Maps
1136,img1136.jpg,construction zone,Sahil,11-04-2026,Google Maps
1137,img1137.jpg,construction zone,Sahil,11-04-2026,Google Maps
1138,img1138.jpg,construction zone,Sahil,11-04-2026,Google Maps
1139,img1139.jpg,construction zone,Sahil,11-04-2026,Google Maps
1140,img1140.jpg,construction zone,Sahil,11-04-2026,Google Maps
1141,img1141.jpg,construction zone,Sahil,12-04-2026,Google Maps
1142,img1142.jpg,construction zone,Sahil,12-04-2026,Google Maps
1143,img1143.jpg,construction zone,Sahil,12-04-2026,Google Maps
1144,img1144.jpg,construction zone,Sahil,12-04-2026,Google Maps
1145,img1145.jpg,construction zone,Sahil,12-04-2026,Google Maps
1146,img1146.jpg,construction zone,Sahil,12-04-2026,Google Maps
1147,img1147.jpg,construction zone,Sahil,12-04-2026,Google Maps
1148,img1148.jpg,construction zone,Sahil,12-04-2026,Google Maps
1149,img1149.jpg,construction zone,Sahil,12-04-2026,Google Maps
1150,img1150.jpg,construction zone,Sahil,12-04-2026,Google Maps
1151,img1151.jpg,construction zone,Sahil,12-04-2026,Google Maps
1152,img1152.jpg,construction zone,Sahil,12-04-2026,Google Maps
1153,img1153.jpg,construction zone,Sahil,12-04-2026,Google Maps
1154,img1154.jpg,construction zone,Sahil,12-04-2026,Google Maps
1155,img1155.jpg,construction zone,Sahil,12-04-2026,Google Maps
1156,img1156.jpg,construction zone,Sahil,12-04-2026,Google Maps
1157,img1157.jpg,construction zone,Sahil,12-04-2026,Google Maps
1158,img1158.jpg,construction zone,Sahil,12-04-2026,Google Maps
1159,img1159.jpg,construction zone,Sahil,12-04-2026,Google Maps
1160,img1160.jpg,construction zone,Sahil,12-04-2026,Google Maps
1161,img1161.jpg,construction zone,Sahil,12-04-2026,Google Maps
1162,img1162.jpg,construction zone,Sahil,12-04-2026,Google Maps
1163,img1163.jpg,construction zone,Sahil,12-04-2026,Google Maps
1164,img1164.jpg,construction zone,Sahil,12-04-2026,Google Maps
1165,img1165.jpg,construction zone,Sahil,12-04-2026,Google Maps
1166,img1166.jpg,construction zone,Sahil,12-04-2026,Google Maps
1167,img1167.jpg,construction zone,Sahil,12-04-2026,Google Maps
1168,img1168.jpg,construction zone,Sahil,12-04-2026,Google Maps
1169,img1169.jpg,construction zone,Sahil,12-04-2026,Google Maps
1170,img1170.jpg,construction zone,Sahil,12-04-2026,Google Maps
1171,img1171.jpg,construction zone,Sahil,12-04-2026,Google Maps
1172,img1172.jpg,construction zone,Sahil,12-04-2026,Google Maps
1173,img1173.jpg,construction zone,Sahil,12-04-2026,Google Maps
1174,img1174.jpg,construction zone,Sahil,12-04-2026,Google Maps
1175,img1175.jpg,construction zone,Sahil,12-04-2026,Google Maps
1176,img1176.jpg,construction zone,Sahil,12-04-2026,Google Maps
1177,img1177.jpg,construction zone,Sahil,12-04-2026,Google Maps
1178,img1178.jpg,construction zone,Sahil,12-04-2026,Google Maps
1179,img1179.jpg,construction zone,Sahil,12-04-2026,Google Maps
1180,img1180.jpg,construction zone,Sahil,12-04-2026,Google Maps
1181,img1181.jpg,construction zone,Sahil,12-04-2026,Google Maps
1182,img1182.jpg,construction zone,Sahil,12-04-2026,Google Maps
1183,img1183.jpg,construction zone,Sahil,12-04-2026,Google Maps
1184,img1184.jpg,construction zone,Sahil,12-04-2026,Google Maps
1185,img1185.jpg,construction zone,Sahil,12-04-2026,Google Maps
1186,img1186.jpg,construction zone,Sahil,12-04-2026,Google Maps
1187,img1187.jpg,construction zone,Sahil,12-04-2026,Google Maps
1188,img1188.jpg,construction zone,Sahil,12-04-2026,Google Maps
1189,img1189.jpg,construction zone,Sahil,12-04-2026,Google Maps
1190,img1190.jpg,construction zone,Sahil,12-04-2026,Google Maps
1191,img1191.jpg,construction zone,Sahil,12-04-2026,Google Maps
1192,img1192.jpg,construction zone,Sahil,12-04-2026,Google Maps
1193,img1193.jpg,construction zone,Sahil,12-04-2026,Google Maps
1194,img1194.jpg,construction zone,Sahil,12-04-2026,Google Maps
1195,img1195.jpg,construction zone,Sahil,12-04-2026,Google Maps
1196,img1196.jpg,construction zone,Sahil,12-04-2026,Google Maps
1197,img1197.jpg,construction zone,Sahil,12-04-2026,Google Maps
1198,img1198.jpg,construction zone,Sahil,12-04-2026,Google Maps
1199,img1199.jpg,construction zone,Sahil,12-04-2026,Google Maps
1200,img1200.jpg,construction zone,Sahil,12-04-2026,Google Maps